name,homepage,careers_url,ats_type,ats_identifier,sanity
01Synergy,http://01synergy.com,http://01synergy.com/careers,custom,,ok@1 [200]
75WAY TECHNOLOGIES PRIVATE LIMITED,https://75way.com/,https://75way.com/careers,custom,,ok@1 [200]
9series Inc,https://www.9series.com,https://www.9series.com/careers,custom,,ok@1 [200]
A3Logics,https://www.a3logics.com/?utm_source=goodfirm&utm_medium=re,https://www.a3logics.com/careers,custom,,ok@1 [200]
Aalpha Information Systems India Pvt. Ltd.,https://www.aalpha.net,https://www.aalpha.net/careers,custom,,ok@1 [200]
AAPGS PRIVATE LIMITED,https://aapgs.com,https://aapgs.com/careers,custom,,ok@1 [200]
Aara Technologies,https://aaratechnologies.com/,https://aaratechnologies.com/careers,custom,,ok@1 [200]
Accubits,https://accubits.com/,https://accubits.com/career,custom,,ok@1 [200]
Acquiscent Technologies Pvt Ltd,http://www.acquiscent.com/,http://www.acquiscent.com/careers,custom,,ok@1 [200]
AdaptNXT Technology Solutions,https://adaptnxt.com,https://adaptnxt.com/careers,custom,,ok@1 [200]
Addon Solutions Pvt Ltd.,http://www.addonsolutions.com,http://www.addonsolutions.com/careers,custom,,ok@1 [200]
ADSTRA DIGITAL,https://adstradigital.com/,https://adstradigital.com/career,custom,,ok@1 [200]
Advantal Technologies Pvt Ltd,https://advantaltechnologies.com/,https://advantaltechnologies.com/careers,custom,,ok@1 [200]
Agicent Technologies Pvt. ltd.,http://www.agicent.com,http://www.agicent.com/careers,custom,,ok@1 [200]
Agile Infoways LLC,http://www.agileinfoways.com,http://www.agileinfoways.com/careers,custom,,ok@1 [200]
Aimdek Technologies,http://aimdek.com,http://aimdek.com/careers,custom,,ok@1 [200]
AIVEDA,https://aiveda.io,https://aiveda.io/careers,custom,,ok@1 [200]
Ajackus,https://www.ajackus.com/?utm_source=Goodfirms&utm_medium=referral&utm_campaign=directory,https://www.ajackus.com/careers,custom,,ok@1 [200]
Akoode Technologies,https://www.akoode.com/,https://www.akoode.com/career,custom,,ok@1 [200]
Aktiv Software,http://www.aktivsoftware.com/,http://www.aktivsoftware.com/career,custom,,ok@1 [200]
Albiorix Technology Private Limited,https://www.albiorixtech.com/,https://www.albiorixtech.com/careers,custom,,ok@1 [200]
Alliance Web Solution Pvt Ltd,https://www.indiainternets.com/,https://www.indiainternets.com/careers.html,custom,,ok@1 [200]
AllianceTek,https://www.alliancetek.com/?utm_source=goodfirms&utm_medium=main&utm_campaign=goodfirmsprofile,https://www.alliancetek.com/careers,custom,,ok@1 [200]
Ancile Technologies Pvt Ltd,http://anciletech.com/,http://anciletech.com/careers,custom,,ok@1 [200]
Aneka Labs Private Limited,https://anekalabs.com/,https://anekalabs.com/careers,custom,,ok@1 [200]
Anviam Solutions,https://anviam.com,https://anviam.com/career,custom,,ok@1 [200]
AppDesk Services Pvt. Ltd.,https://www.appdeskservices.com/,https://www.appdeskservices.com/career,custom,,ok@1 [200]
Appeak Technologies LLP,https://appeaktech.com/,https://appeaktech.com/careers,custom,,ok@1 [200]
AppSquadz Software Private Limited,https://www.appsquadz.com/,https://www.appsquadz.com/careers,custom,,ok@1 [200]
AppTrait Solutions,http://apptraitsolutions.com,http://apptraitsolutions.com/jobs,custom,,ok@1 [200]
Appventurez,https://www.appventurez.com/?utm_source=goodfirms&utm_medium=Goodfirms,https://www.appventurez.com/careers,custom,,ok@1 [200]
ApuzzTech,https://apuzztech.com/,https://apuzztech.com/careers,custom,,ok@1 [200]
AResourcePool,https://www.aresourcepool.com/,https://www.aresourcepool.com/careers,custom,,ok@1 [200]
Arieotech,https://www.arieotech.com/,https://www.arieotech.com/careers,custom,,ok@1 [200]
Ascent24 Technologies,https://www.ascent24.io/,https://www.ascent24.io/careers,custom,,ok@1 [200]
Ashapura Softech,https://ashapurasoftech.com/,https://ashapurasoftech.com/careers,custom,,ok@1 [200]
Askgalore Digital,https://askgalore.com/,https://askgalore.com/career,custom,,ok@1 [200]
Associative,https://associative.in,https://associative.in/career,custom,,ok@1 [200]
Augurs Technologies Private Limited,https://www.augurs.in,https://www.augurs.in/career,custom,,ok@1 [200]
Aum Solutions,https://aum-solutions.com/,https://aum-solutions.com/careers,custom,,ok@1 [200]
Avlia IT Solution,https://avliaitsolution.com/,https://avliaitsolution.com/career,custom,,ok@1 [200]
Banao Technologies,https://banao.tech,https://banao.tech/careers,custom,,ok@1 [200]
Beyond Key,http://www.beyondkey.com/,http://www.beyondkey.com/careers.html,custom,,ok@1 [200]
BharatPe,https://www.bharatpe.com,https://www.bharatpe.com/careers,custom,,ok@1 [200]
Binaryfolks Pvt. Ltd.,http://www.binaryfolks.com,http://www.binaryfolks.com/career,custom,,ok@1 [200]
BitCS,https://bitcs.in,https://bitcs.in/career,custom,,ok@1 [200]
BITLYZE TECHNOLOGIES PRIVATE LIMITED,https://www.bitlyze.com/,https://www.bitlyze.com/career,custom,,ok@1 [200]
BitsNPixs,https://www.bitsnpixs.com/services/embroidery-digitizing,https://www.bitsnpixs.com/jobs,custom,,ok@1 [200]
Biz4Solutions LLC,https://www.biz4solutions.com/,https://www.biz4solutions.com/careers,custom,,ok@1 [200]
Bizople Solutions Pvt. Ltd.,https://www.bizople.com/,https://www.bizople.com/careers,custom,,ok@1 [200]
Biztacs Technology,http://biztacs.com/,http://biztacs.com/career,custom,,ok@1 [200]
Black Kite Technologies,https://blackkitetechnologies.com/,https://blackkitetechnologies.com/career,custom,,ok@1 [200]
Bloom Consulting Services,https://bloomcs.com,https://bloomcs.com/careers,custom,,ok@1 [200]
Bluetech,http://www.bluetech.co.in/,http://www.bluetech.co.in/careers,custom,,ok@1 [200]
Bonami Software,https://bonamisoftware.com/,https://bonamisoftware.com/careers,custom,,ok@1 [200]
BoTree Technologies Pvt. Ltd.,https://www.botreetechnologies.com,https://www.botreetechnologies.com/careers,custom,,ok@1 [200]
Brainerhub,https://www.brainerhub.com,https://www.brainerhub.com/career,custom,,ok@1 [200]
Brainstack Technologies,https://brainstacktechnologies.com/,https://brainstacktechnologies.com/careers,custom,,ok@1 [200]
Brand Metrics Fintech Pvt Ltd,https://www.brandmetrics.in,https://www.brandmetrics.in/careers,custom,,ok@1 [200]
Bridgecode Technologies LLP,http://www.thebridgecode.com,http://www.thebridgecode.com/careers,custom,,ok@1 [200]
Browseinfo,https://www.browseinfo.com/,https://www.browseinfo.com/jobs,custom,,ok@1 [200]
BrowserStack,https://www.browserstack.com,https://www.browserstack.com/careers,custom,,ok@1 [200]
BSEtec,https://www.bsetec.com/blockchain-development-company,https://www.bsetec.com/careers,custom,,ok@1 [200]
Budventure Technologies Pvt. Ltd.,http://www.budventure.technology/,http://www.budventure.technology/career,custom,,ok@1 [200]
BuzzyBrains software (I) Pvt. Ltd,https://www.buzzybrains.com/,https://www.buzzybrains.com/careers,custom,,ok@1 [200]
Calibraint,https://www.calibraint.com,https://www.calibraint.com/careers,custom,,ok@1 [200]
Canopus Infosystems,http://canopusinfosystems.com/,http://canopusinfosystems.com/careers,custom,,ok@1 [200]
Capanicus,http://www.capanicus.com,http://www.capanicus.com/careers,custom,,ok@1 [200]
Cars24,https://www.cars24.com,https://www.cars24.com/careers,custom,,ok@1 [200]
Chapter247 Infotech,http://www.chapter247.com,http://www.chapter247.com/careers,custom,,ok@1 [200]
Chargebee,https://www.chargebee.com,https://www.chargebee.com/careers,custom,,ok@1 [200]
Citrusbug Technolabs,https://citrusbug.com/,https://citrusbug.com/career,custom,,ok@1 [200]
Clarion Technologies,https://www.clariontech.com/?utm_source=goodfirms&utm_campaign=goodfirms,https://www.clariontech.com/careers,custom,,ok@1 [200]
Clementius LLP,https://www.clementius.com/,https://www.clementius.com/careers/,custom,,ok@1 [200]
Climbax Entertainment Private Limited,https://www.climbaxentertainment.com/,https://www.climbaxentertainment.com/career,custom,,ok@1 [200]
Closeloop Technologies,https://closeloop.com/?utm_source=goodfirms&utm_medium=referral&utm_campaign=goodfirm-software-development,https://closeloop.com/careers,custom,,ok@1 [200]
Cloudesign Technology Solutions LLP,https://www.cloudesign.com/,https://www.cloudesign.com/careers,custom,,ok@1 [200]
Cloudnic Soft LLP,https://cloudnic.com,https://cloudnic.com/careers,custom,,ok@1 [200]
Code Garage,https://codegaragetech.com/,https://codegaragetech.com/careers,custom,,ok@1 [200]
Code-B Solutions,https://code-b.dev/,https://code-b.dev/career,custom,,ok@1 [200]
CODEEDOC,https://codeedoc.com/,https://codeedoc.com/career,custom,,ok@1 [200]
Codescastle Software Pvt. Ltd.,http://codescastle.com,http://codescastle.com/careers,custom,,ok@1 [200]
Codewinglet Private Limited,https://www.codewinglet.com,https://www.codewinglet.com/jobs,custom,,ok@1 [200]
Codexoro Technologies LLP,https://codexoro.com/,https://codexoro.com/careers,custom,,ok@1 [200]
Codezilla Technology and Consultancy Pvt Ltd.,https://codezilla.io/,https://codezilla.io/career,custom,,ok@1 [200]
Coforge,https://www.coforge.com,https://www.coforge.com/careers,custom,,ok@1 [200]
Coherent Lab LLP,https://www.coherentlab.com/,https://www.coherentlab.com/career,custom,,ok@1 [200]
Colan Infotech Private Limited,https://colaninfotech.com/software-development-services/,https://colaninfotech.com/career,custom,,ok@1 [200]
Concetto Labs,https://www.concettolabs.com,https://www.concettolabs.com/careers,custom,,ok@1 [200]
Copperchips,https://copperchips.com/,https://copperchips.com/hiring,custom,,ok@1 [200]
Coretus Technologies,https://www.coretus.com,https://www.coretus.com/career,custom,,ok@1 [200]
Crescaler,https://crescaler.com/,https://crescaler.com/career,custom,,ok@1 [200]
Crest Coder,https://www.crestcoder.com/,https://www.crestcoder.com/careers,custom,,ok@1 [200]
Creware Technologies Pvt,https://creware.asia,https://creware.asia/careers,custom,,ok@1 [200]
CSM Technologies,https://www.csm.tech/,https://www.csm.tech/career,custom,,ok@1 [200]
Cubet Techno Labs,http://cubettech.com/,http://cubettech.com/careers,custom,,ok@1 [200]
Cyber Infrastructure Inc.,https://www.cisin.com,https://www.cisin.com/careers,custom,,ok@1 [200]
Cybernative Technologies Pvt. Ltd.,https://www.cybernativetech.com/,https://www.cybernativetech.com/careers,custom,,ok@1 [200]
cyberneusys,http://www.cyberneusys.com,http://www.cyberneusys.com/careers,custom,,ok@1 [200]
Cyberswind Technologies,https://www.cyberswindtech.com/,https://www.cyberswindtech.com/careers,custom,,ok@1 [200]
Damco Solutions,https://www.damcogroup.com/,https://www.damcogroup.com/careers,custom,,ok@1 [200]
Dash Technologies,http://www.dashtechinc.com/?utm_source=goodfirm&utm_medium=directory&utm_campaign=sponsor,http://www.dashtechinc.com/jobs,custom,,ok@1 [200]
DataByteWorks,https://databyteworks.com/,https://databyteworks.com/careers,custom,,ok@1 [200]
Day One Technologies,https://www.day1tech.com/,https://www.day1tech.com/careers,custom,,ok@1 [200]
Debut Infotech,https://www.debutinfotech.com/,https://www.debutinfotech.com/career,custom,,ok@1 [200]
Decipher Zone Technologies Pvt Ltd,http://decipherzone.com,http://decipherzone.com/career,custom,,ok@1 [200]
Deific India Group,https://deificdigital.com/,https://deificdigital.com/careers,custom,,ok@1 [200]
Delhivery,https://www.delhivery.com,https://www.delhivery.com/careers,custom,,ok@1 [200]
Deorwine Infotech,https://deorwine.com/,https://deorwine.com/careers,custom,,ok@1 [200]
Deqode,http://deqode.com,http://deqode.com/career,custom,,ok@1 [200]
Designoweb Technologies Pvt. Ltd.,https://designoweb.com/,https://designoweb.com/career,custom,,ok@1 [200]
Destm Technologies,https://destm.com,https://destm.com/careers,custom,,ok@1 [200]
Deuex Solutions Pvt. Ltd.,https://deuexsolutions.com/,https://deuexsolutions.com/careers,custom,,ok@1 [200]
Devstree IT Solutions,https://devstree.com/,https://devstree.com/career,custom,,ok@1 [200]
Dexoc,https://dexoc.com/,https://dexoc.com/career,custom,,ok@1 [200]
Dezdok,https://dezdok.com/,https://dezdok.com/careers,custom,,ok@1 [200]
DianApps Technologies Pvt. Ltd.,https://dianapps.com/?utm_source=referral&utm_medium=Goodfirms&utm_campaign=goodfirms,https://dianapps.com/jobs,custom,,ok@1 [200]
Digi Carotene,http://www.digicarotene.com/,http://www.digicarotene.com/jobs,custom,,ok@1 [200]
Digimonk Technologies,http://digimonk.in,http://digimonk.in/career,custom,,ok@1 [200]
Digital AIML Systems Pvt Ltd,https://digitalaiml.com/,https://digitalaiml.com/careers,custom,,ok@1 [200]
Digital Marketing Lab,https://www.digitalmarketinglab.co.in/,https://www.digitalmarketinglab.co.in/careers,custom,,ok@1 [200]
Digital Mesh,https://www.digitalmesh.com/,https://www.digitalmesh.com/careers,custom,,ok@1 [200]
Digittrix,https://digittrix.com/,https://digittrix.com/careers,custom,,ok@1 [200]
Diziwings Technologies Pvt Ltd,https://diziwings.com/,https://diziwings.com/careers,custom,,ok@1 [200]
Dot Com Infoway,https://www.dotcominfoway.com/internet-marketing/?utm_source=Goodfirms&utm_medium=Sponsorship&utm_campaign=DigitalMarketing,https://www.dotcominfoway.com/careers,custom,,ok@1 [200]
DRC Systems India Private Limited,https://www.drcsystems.com/,https://www.drcsystems.com/careers,custom,,ok@1 [200]
Dream11,https://www.dream11.com,https://www.dream11.com/careers,custom,,ok@1 [200]
DreamzTech Solutions Inc.,https://www.dreamztech.com/services/custom-software-development/?utm_source=Goodfirms&utm_medium=referral,https://www.dreamztech.com/careers,custom,,ok@1 [200]
Drish Infotech Ltd,https://www.drishinfo.com/,https://www.drishinfo.com/jobs,custom,,ok@1 [200]
Drisha Technologies,https://drishatechnologies.com/,https://drishatechnologies.com/careers,custom,,ok@1 [200]
Druva,https://www.druva.com,https://www.druva.com/careers,custom,,ok@1 [200]
DunRite Technologies,https://www.dunritetech.com/,https://www.dunritetech.com/careers,custom,,ok@1 [200]
EBC TECH SERV PVT LTD,https://www.ebctspl.com,https://www.ebctspl.com/careers.html,custom,,ok@1 [200]
EchoForge Cloud private limited,https://www.echoforgecloud.com,https://www.echoforgecloud.com/careers,custom,,ok@1 [200]
eClicknTech,https://www.eclickntech.com/,https://www.eclickntech.com/career,custom,,ok@1 [200]
Emipro Technologies Pvt Ltd,https://www.emiprotechnologies.com,https://www.emiprotechnologies.com/jobs,custom,,ok@1 [200]
Emizen Tech Pvt Ltd,https://emizentech.com/,https://emizentech.com/careers,custom,,ok@1 [200]
Encanto Technologies,https://encantotek.com/,https://encantotek.com/careers,custom,,ok@1 [200]
Endurance Softwares,http://endurancesoftwares.com/,http://endurancesoftwares.com/careers,custom,,ok@1 [200]
Enstacked Technologies,https://enstacked.com,https://enstacked.com/careers,custom,,ok@1 [200]
Eqaim Technology & Services Pvt. Ltd.,https://www.eqaim.com/,https://www.eqaim.com/career,custom,,ok@1 [200]
Esferasoft Solutions Pvt. Ltd.,http://www.esferasoft.com/,http://www.esferasoft.com/career,custom,,ok@1 [200]
Etelligens Technologies Pvt Ltd,http://etelligens.com/,http://etelligens.com/career,custom,,ok@1 [200]
Euphoric Thought Technologies,http://www.euphoricthought.com/,http://www.euphoricthought.com/career,custom,,ok@1 [200]
Everon Lab,https://everonlab.in,https://everonlab.in/careers,custom,,ok@1 [200]
Evozard Consulting Services Pvt Ltd,https://www.evozard.com/,https://www.evozard.com/careers,custom,,ok@1 [200]
Excellis IT Pvt.Ltd,https://www.excellisit.com/,https://www.excellisit.com/career,custom,,ok@1 [200]
Excent Solutions,https://www.excentsolutions.com/,https://www.excentsolutions.com/careers,custom,,ok@1 [200]
Expert Code Lab,http://www.expertcodelab.com,http://www.expertcodelab.com/career,custom,,ok@1 [200]
Extended Web AppTech LLP,http://www.extwebtech.com,http://www.extwebtech.com/career,custom,,ok@1 [200]
Extern Labs,https://externlabs.com/,https://externlabs.com/careers,custom,,"ok@2 [err,200]"
FinByz Tech Pvt Ltd,https://finbyz.tech/,https://finbyz.tech/careers,custom,,ok@1 [200]
"Finoit Technologies, Inc",https://www.finoit.com/?utm_source=goodfirms.co,https://www.finoit.com/careers,custom,,ok@1 [200]
Flux8labs,https://flux8labs.com,https://flux8labs.com/careers,custom,,ok@1 [200]
Freshworks,https://www.freshworks.com,https://www.freshworks.com/careers,custom,,ok@1 [200]
Fusion Informatics Limited,https://www.fusioninformatics.com/,https://www.fusioninformatics.com/careers,custom,,ok@1 [200]
Futuresoft India,https://futuresoftindia.com,https://futuresoftindia.com/careers,custom,,ok@1 [200]
fxis.ai,https://fxis.ai/,https://fxis.ai/careers,custom,,ok@1 [200]
Galaxy Weblinks,https://www.galaxyweblinks.com,https://www.galaxyweblinks.com/careers,custom,,ok@1 [200]
GeekSpoc IT Services,https://geekspoc.com,https://geekspoc.com/careers,custom,,ok@1 [200]
Girman Technologies Pvt. Ltd.,https://www.girmantech.com/,https://www.girmantech.com/career,custom,,ok@1 [200]
GoDigitley,http://www.godigitley.com,http://www.godigitley.com/career,custom,,ok@1 [200]
Golden Eagle IT Technologies,https://goldeneagle.ai/,https://goldeneagle.ai/career,custom,,ok@1 [200]
GOTESO,http://www.goteso.com,http://www.goteso.com/career,custom,,ok@1 [200]
Graffersid,https://graffersid.com/,https://graffersid.com/careers,custom,,ok@1 [200]
Grandiose Digital Media,https://www.grandiosedigitalmedia.com,https://www.grandiosedigitalmedia.com/careers,custom,,ok@1 [200]
Gravity Engineering Services,https://www.gravityer.com/,https://www.gravityer.com/careers,custom,,ok@1 [200]
Grawlix Software Private Limited,https://grawlixsoft.com,https://grawlixsoft.com/careers,custom,,ok@1 [200]
Great Future Technology Private Limited,https://gftpl.in,https://gftpl.in/career,custom,,ok@1 [200]
Groww,https://groww.in,https://groww.in/careers,custom,,ok@1 [200]
GTCSYS,https://gtcsys.com/,https://gtcsys.com/careers,custom,,ok@1 [200]
Gupshup,https://www.gupshup.io,https://www.gupshup.io/careers,custom,,ok@1 [200]
HASHCOVET,https://hashcovet.com/,https://hashcovet.com/career,custom,,ok@1 [200]
HashedIn,https://hashedin.com/,https://hashedin.com/careers,custom,,ok@1 [200]
HASHKRIO TECH LLP,https://www.hashkrio.com,https://www.hashkrio.com/career,custom,,ok@1 [200]
Hashtrust Technologies,https://hashtrust.in/,https://hashtrust.in/careers,custom,,ok@1 [200]
Hasura,https://hasura.io,https://hasura.io/careers,custom,,ok@1 [200]
HCLTech,https://www.hcltech.com,https://www.hcltech.com/careers,custom,,ok@1 [200]
Heureux Software Solutions (P) Ltd.,http://www.heureuxsoftware.com/,http://www.heureuxsoftware.com/career,custom,,ok@1 [200]
Hiteshi,https://www.hiteshi.com/,https://www.hiteshi.com/career,custom,,ok@1 [200]
i-Verve Inc,https://i-verve.com/,https://i-verve.com/careers,custom,,ok@1 [200]
Icertis,https://www.icertis.com,https://www.icertis.com/careers,custom,,ok@1 [301]
IJAGER TECHNOLOGIES PRIVATE LIMITED,https://www.ijager.com,https://www.ijager.com/careers,custom,,ok@1 [200]
IMG Global Infotech Pvt. Ltd,https://www.imgglobalinfotech.com/,https://www.imgglobalinfotech.com/career,custom,,ok@1 [200]
Immence,https://immence.com,https://immence.com/careers,custom,,ok@1 [200]
Improwised Technologies Private Limited,https://www.improwised.com,https://www.improwised.com/careers,custom,,ok@1 [200]
IndaPoint Technologies Pvt. Ltd.,https://www.indapoint.com/,https://www.indapoint.com/careers,custom,,ok@1 [200]
Indi IT Solutions,https://indiit.com,https://indiit.com/career,custom,,ok@1 [200]
IndiaNIC,https://www.indianic.com/?utm_campaign=Business-Directory&utm_source=Goodfirms&utm_term=Profile,https://www.indianic.com/careers,custom,,ok@1 [200]
Indium,https://www.indium.tech/,https://www.indium.tech/careers,custom,,ok@1 [200]
INEXTURE Solutions,https://www.inexture.com,https://www.inexture.com/career,custom,,"ok@2 [err,200]"
INFINTOR SOLUTIONS,https://www.infintor.com/,https://www.infintor.com/careers,custom,,ok@1 [200]
Infograins,https://infograins.com,https://infograins.com/careers,custom,,ok@1 [200]
Infoxen,https://www.infoxen.com,https://www.infoxen.com/career,custom,,ok@1 [200]
Infylo Techsolutions Ltd,https://infylo.com,https://infylo.com/careers,custom,,ok@1 [200]
InnoApps Technologies Pvt. Ltd,https://www.innoappstech.com/,https://www.innoappstech.com/careers,custom,,ok@1 [200]
Innogent Technologies,https://innogent.in/,https://innogent.in/careers,custom,,ok@1 [200]
Innostax,https://innostax.com/service/custom-software-development-services/?utm_source=Goodfirms&utm_medium=referral,https://innostax.com/careers,custom,,ok@1 [200]
Innovaccer,https://innovaccer.com,https://innovaccer.com/careers,custom,,ok@1 [200]
Inshasis Technologies,https://inshasis.com/,https://inshasis.com/careers,custom,,ok@1 [200]
Instinctools,https://www.instinctools.com/?utm_source=goodfirms.co&utm_medium=referral&utm_campaign=profile,https://www.instinctools.com/career,custom,,ok@1 [200]
Inventam Tech Solution (OPC) pvt. ltd.,https://inventam.com/,https://inventam.com/jobs,custom,,ok@1 [200]
Inventco Software,https://www.inventcolabssoftware.com/?utm_source=goodfirms.co&utm_medium=referral&utm_campaign=directory-traffic-goodfirms,https://www.inventcolabssoftware.com/career,custom,,ok@1 [200]
Inventiple,https://www.inventiple.com,https://www.inventiple.com/careers,custom,,ok@1 [200]
iSQUARE Business Solution Pvt. Ltd.,https://www.isquarebs.com/,https://www.isquarebs.com/careers,custom,,ok@1 [200]
Isynbus Technologies,https://www.isynbus.com/,https://www.isynbus.com/careers,custom,,ok@1 [200]
ITC Infotech,https://www.itcinfotech.com/,https://www.itcinfotech.com/career,custom,,ok@1 [200]
Itmarkerz Technologies,http://www.itmarkerz.co.in/,http://www.itmarkerz.co.in/careers,custom,,ok@1 [200]
ITXITPRO PVT. LTD.,http://itxitpro.com/,http://itxitpro.com/career,custom,,ok@1 [200]
iWebServices,https://www.i-webservices.com/,https://www.i-webservices.com/jobs,custom,,ok@1 [200]
ixigo,https://www.ixigo.com,https://www.ixigo.com/careers,custom,,ok@1 [200]
Jawam Infotech,https://jawaminfotech.com/,https://jawaminfotech.com/careers,custom,,ok@1 [200]
JKSOFTEC,https://jksoftec.com,https://jksoftec.com/careers,custom,,ok@1 [200]
JS Techno Solutions Pvt. Ltd.,https://jstechno.com/,https://jstechno.com/careers,custom,,ok@1 [200]
Kadam Technologies Pvt. Ltd.,http://www.kadamtech.com,http://www.kadamtech.com/careers,custom,,ok@1 [200]
KEYSS Inc,https://keyssinc.com,https://keyssinc.com/careers,custom,,ok@1 [200]
KiwiTech,https://www.kiwitech.com/web3-center-of-excellence?utm_source=goodfirms&utm_medium=referral&utm_campaign=ttw,https://www.kiwitech.com/careers,custom,,ok@1 [200]
Konstant Infosolutions,https://www.konstantinfo.com,https://www.konstantinfo.com/career,custom,,ok@1 [200]
Krazimo Private Limited,https://krazimo.ai/,https://krazimo.ai/careers,custom,,ok@1 [200]
Kryptoninc,http://kryptoninc.co,http://kryptoninc.co/careers,custom,,ok@1 [200]
Linea Digitech,https://lineadigitech.com/,https://lineadigitech.com/careers,custom,,ok@1 [200]
Linearloop Private Limited,https://www.linearloop.io/,https://www.linearloop.io/careers,custom,,ok@1 [200]
Logix Shapers Offshore Services Pvt. Ltd.,https://logixshapers.com/,https://logixshapers.com/jobs,custom,,ok@1 [200]
LoopCon Technologies,https://loopcon.biz/,https://loopcon.biz/careers,custom,,ok@1 [200]
LTIMindtree,https://www.ltimindtree.com,https://www.ltimindtree.com/careers,custom,,ok@1 [200]
Markovate,https://markovate.com/ai-development-services/,https://markovate.com/careers,custom,,ok@1 [200]
Maticz Technologies,https://maticz.com/,https://maticz.com/careers,custom,,ok@1 [200]
Matiyas Solutions,https://www.matiyas.com/,https://www.matiyas.com/careers,custom,,ok@1 [200]
Matrix Infotech Solution,https://matrixinfotechsolution.com/,https://matrixinfotechsolution.com/careers,custom,,ok@1 [200]
Mayura Consultancy Services (MCS),https://www.mayuraconsultancy.com,https://www.mayuraconsultancy.com/careers,custom,,ok@1 [200]
MetaDesign Solutions,https://metadesignsolutions.com/website-development?utm_source=goodfirms&utm_medium=sponsorship&utm_campaign=campaign,https://metadesignsolutions.com/careers,custom,,ok@1 [200]
Metric Tree Labs,https://metrictreelabs.com/,https://metrictreelabs.com/careers,custom,,ok@1 [200]
Micropyramid Informatics Pvt Ltd,https://micropyramid.com/,https://micropyramid.com/jobs,custom,,ok@1 [200]
Mindfire Solutions,http://www.mindfiresolutions.com/,http://www.mindfiresolutions.com/career,custom,,ok@1 [200]
Mindrops,https://www.mindrops.com/,https://www.mindrops.com/career,custom,,ok@1 [200]
Mindtickle,https://www.mindtickle.com,https://jobs.lever.co/mindtickle,lever,mindtickle,ok@1 [200]
Miracuves Solution,https://miracuves.com/,https://miracuves.com/careers,custom,,ok@1 [200]
Mobiweb Technologies Pvt Ltd,https://www.mobiwebtech.com/,https://www.mobiwebtech.com/careers,custom,,ok@1 [200]
Mojo Web Technology,https://mojowebtech.com,https://mojowebtech.com/jobs,custom,,ok@1 [200]
Mxicoders,https://www.mxicoders.com/,https://www.mxicoders.com/career,custom,,ok@1 [200]
My Virtual Teams,http://myvirtualteams.com/,http://myvirtualteams.com/careers,custom,,ok@1 [200]
MYCLOUDPULSE TECHNOLOGY PRIVATE LIMITED,https://mycloudpulse.com/,https://mycloudpulse.com/careers,custom,,ok@1 [200]
Nadcab Labs,https://www.nadcab.com,https://www.nadcab.com/career,custom,,ok@1 [200]
Nascenture,https://www.nascenture.com/,https://www.nascenture.com/careers,custom,,ok@1 [200]
Naveck Technologies,https://www.naveck.com/,https://www.naveck.com/hiring,custom,,ok@1 [200]
Navi,https://navi.com,https://navi.com/careers,custom,,ok@1 [200]
Net Solutions,https://www.netsolutions.com/,https://www.netsolutions.com/careers,custom,,ok@1 [200]
Netedge Technology,https://www.netedgetechnology.com,https://www.netedgetechnology.com/jobs,custom,,ok@1 [200]
NetSet Software Solutions,https://www.netsetsoftware.com,https://www.netsetsoftware.com/careers,custom,,ok@1 [200]
Networsys Technologies LLP,https://www.networsys.com/,https://www.networsys.com/career,custom,,ok@1 [200]
Neuronimbus,https://www.neuronimbus.com/,https://www.neuronimbus.com/careers,custom,,ok@1 [200]
Next Big Technology(NBT),http://nextbigtechnology.com,http://nextbigtechnology.com/jobs,custom,,ok@1 [200]
NextAstra Technologies,https://nextastra.com,https://nextastra.com/career,custom,,ok@1 [200]
NextDynamix Tech,http://www.nextdynamix.com/,http://www.nextdynamix.com/careers,custom,,ok@1 [200]
NMT Technologies,https://www.nmttechnologies.com/,https://www.nmttechnologies.com/careers,custom,,ok@1 [200]
NorthLogics,https://northlogics.tech,https://northlogics.tech/careers.html,custom,,ok@1 [200]
NS Global Corporation,https://nsglobalcorporation.com/,https://nsglobalcorporation.com/careers,custom,,ok@1 [200]
ocius technologies,https://www.ociustechnologies.com/,https://www.ociustechnologies.com/career,custom,,ok@1 [200]
Octos Global Solutions,http://octosglobal.com/,http://octosglobal.com/careers,custom,,ok@1 [200]
Offshore IT Staffing,http://www.offshoreitstaffing.com/,http://www.offshoreitstaffing.com/careers,custom,,ok@1 [200]
Ola Cabs,https://www.olacabs.com,https://www.olacabs.com/careers,custom,,ok@1 [200]
Ola Electric,https://www.olaelectric.com,https://www.olaelectric.com/careers,custom,,ok@1 [200]
Omninos solutions,https://omninos.com,https://omninos.com/career,custom,,ok@1 [200]
Oneture Technologies Pvt. Ltd.,https://oneture.com,https://oneture.com/careers,custom,,ok@1 [200]
Ontoborn Technologies LLC,https://ontoborn.com,https://ontoborn.com/jobs,custom,,ok@1 [200]
OptiSol Business Solutions,http://www.optisolbusiness.com,http://www.optisolbusiness.com/careers,custom,,ok@1 [200]
Orangedice Solutions FZC LLC,https://www.orangedice.ae,https://www.orangedice.ae/careers,custom,,ok@1 [200]
Orion eSolutions Pvt. Ltd.,https://www.orionesolutions.com/,https://www.orionesolutions.com/careers,custom,,ok@1 [200]
OweBest Technologies,http://www.owebest.com,http://www.owebest.com/career,custom,,ok@1 [200]
ownAI Solutions,http://www.ownai.net,http://www.ownai.net/careers,custom,,ok@1 [200]
OyeCommerz,https://oyecommerz.com/,https://oyecommerz.com/careers,custom,,ok@1 [200]
Pace Wisdom Solutions,http://pacewisdom.com/,http://pacewisdom.com/careers,custom,,ok@1 [200]
Parallel Team Technologies Private Limited,https://parallelteam.com,https://parallelteam.com/careers,custom,,ok@1 [200]
Paytm,https://paytm.com,https://paytm.com/careers,custom,,ok@1 [200]
PEARL ORGANISATION,https://www.pearlorganisation.com,https://www.pearlorganisation.com/careers,custom,,ok@1 [200]
Peerbits,http://www.peerbits.com/,http://www.peerbits.com/careers.html,custom,,ok@1 [200]
PerfectionGeeks Technologies,https://www.perfectiongeeks.com,https://www.perfectiongeeks.com/careers,custom,,ok@1 [200]
Persistent Systems,https://www.persistent.com,https://www.persistent.com/careers,custom,,ok@1 [200]
PhonePe,https://www.phonepe.com,https://www.phonepe.com/careers,custom,,ok@1 [200]
Pine Labs,https://www.pinelabs.com,https://www.pinelabs.com/careers,custom,,ok@1 [200]
Pixel Values Technolabs,https://www.pixelvalues.com,https://www.pixelvalues.com/careers,custom,,ok@1 [200]
Pixelstat,https://pixelstat.com/,https://pixelstat.com/careers,custom,,ok@1 [200]
Pixeltoworld,https://pixeltoworld.com/,https://pixeltoworld.com/careers,custom,,ok@1 [200]
Plexoc Solutions Pvt. Ltd.,https://plexoc.com,https://plexoc.com/career,custom,,ok@1 [200]
Plexusbit Software,http://plexusbit.com,http://plexusbit.com/career,custom,,ok@1 [200]
PlusInfoLab,https://plusinfolab.com/,https://plusinfolab.com/career,custom,,ok@1 [200]
Polestar Tech Consultancy,https://polestartechno.com,https://polestartechno.com/careers,custom,,ok@1 [200]
PolicyBazaar,https://www.policybazaar.com,https://www.policybazaar.com/careers,custom,,ok@1 [200]
Postman Labs,https://www.getpostman.com,https://www.getpostman.com/careers,custom,,ok@1 [200]
Pragmatyc,https://www.pragmatyc.com,https://www.pragmatyc.com/careers,custom,,ok@1 [200]
Pratiti Technologies Pvt Ltd.,https://www.pratititech.com/,https://www.pratititech.com/jobs,custom,,ok@1 [200]
Probey Services,https://probeyservices.com/?utm_source=Goodfirms&utm_medium=referral,https://probeyservices.com/careers,custom,,ok@1 [200]
Probytes,http://www.probytes.net/,http://www.probytes.net/careers,custom,,ok@1 [200]
Prolitus Technologies,https://www.prolitus.com/,https://www.prolitus.com/careers,custom,,ok@1 [200]
Protonshub Technologies,https://www.protonshub.com/top-mobile-application-development-company?utm_source=Goodfirm&utm_medium=Company-Profile&utm_campaign=Goodfirm-Directory,https://www.protonshub.com/careers,custom,,ok@1 [200]
Protovo Solutions LLP,https://www.protovosolutions.com/,https://www.protovosolutions.com/careers,custom,,ok@1 [200]
Purgesoft,http://www.purgesoft.com,http://www.purgesoft.com/careers,custom,,ok@1 [200]
Pyther Innovations Private Limited,https://www.pyther.com/,https://www.pyther.com/career,custom,,ok@1 [200]
Python India,https://www.pythonindia.in/,https://www.pythonindia.in/career,custom,,ok@1 [200]
Quacklabs Technologies,https://www.quacklabs.in,https://www.quacklabs.in/careers,custom,,ok@1 [200]
Qualhon Informatics Pvt. Ltd.,https://qualhon.com/?utm_source=goodfirms&utm_medium=organic,https://qualhon.com/career,custom,,ok@1 [200]
Quantum IT Innovation,http://www.quantumitinnovation.com/,http://www.quantumitinnovation.com/careers,custom,,ok@1 [200]
Queppelin,https://www.queppelin.com/,https://www.queppelin.com/careers,custom,,ok@1 [200]
Radixweb,https://radixweb.com/,https://radixweb.com/careers,custom,,ok@1 [200]
Rapido,https://www.rapido.bike,https://www.rapido.bike/careers.html,custom,,ok@1 [200]
Razorpay,https://razorpay.com,https://razorpay.com/careers,custom,,ok@1 [200]
Reckonsys Tech labs Private Limited,https://www.reckonsys.com,https://www.reckonsys.com/careers,custom,,ok@1 [200]
Redn Technologies,https://redn.in,https://redn.in/careers,custom,,ok@1 [200]
reverseBits,https://www.reversebits.tech,https://www.reversebits.tech/career,custom,,ok@1 [200]
Rishabh Software,https://www.rishabhsoft.com,https://www.rishabhsoft.com/careers,custom,,ok@1 [200]
ROBOTRONIX ENGINEERING TECH PVT.LTD.,https://robotronix.co.in/,https://robotronix.co.in/careers,custom,,ok@1 [200]
RootedAI,https://www.rootedai.co.in/,https://www.rootedai.co.in/careers,custom,,ok@1 [200]
Rudra Innovative Software,https://www.rudrainnovative.com/custom-software-development/,https://www.rudrainnovative.com/careers/,custom,,ok@1 [200]
RV Technologies Softwares Pvt. Ltd.,https://rvtechnologies.com/,https://rvtechnologies.com/careers,custom,,ok@1 [200]
Saivion India: IT and ITeS Outsourcing Services,https://www.saivionindia.com/,https://www.saivionindia.com/careers,custom,,ok@1 [200]
Sankalpsutra Tech LLP,https://sankalpsutra.com,https://sankalpsutra.com/careers,custom,,ok@1 [200]
Sankey Solutions,https://sankeysolutions.com/,https://sankeysolutions.com/careers,custom,,ok@1 [200]
Sarvadhi Solutions Pvt Ltd,https://sarvadhi.com,https://sarvadhi.com/careers,custom,,ok@1 [200]
Saubhagyam Web Pvt. Ltd.,http://saubhagyam.com,http://saubhagyam.com/careers,custom,,ok@1 [200]
SayOne Technologies,https://www.sayonetech.com/,https://www.sayonetech.com/careers,custom,,ok@1 [200]
ScalaCode,https://www.scalacode.com,https://www.scalacode.com/join-us,custom,,ok@1 [200]
SculptSoft Pvt. Ltd.,https://www.sculptsoft.com/,https://www.sculptsoft.com/career,custom,,ok@1 [200]
Seasia Infotech,https://www.seasiainfotech.com/,https://www.seasiainfotech.com/career,custom,,ok@1 [200]
ServerLT.com,https://www.serverlt.com,https://www.serverlt.com/careers,custom,,ok@1 [200]
Settings Infotech,https://settingsinfotech.com,https://settingsinfotech.com/career,custom,,ok@1 [200]
ShareChat,https://sharechat.com,https://sharechat.com/careers,custom,,ok@1 [200]
Siddhatech Software Services Pvt. Ltd.,https://www.siddhatech.com/,https://www.siddhatech.com/careers,custom,,ok@1 [200]
SIFARS,https://sifars.com,https://sifars.com/careers,custom,,ok@1 [200]
Sigzen Technologies,https://www.sigzen.com/,https://www.sigzen.com/career,custom,,ok@1 [200]
Silicon Signals Pvt. Ltd.,https://siliconsignals.io/,https://siliconsignals.io/jobs,custom,,ok@1 [200]
Simform,https://www.simform.com/?utm_source=goodfirms&utm_medium=profile&utm_campaign=gf-profile,https://www.simform.com/careers,custom,,ok@1 [200]
Sinergia Labs,http://simelabs.com/,http://simelabs.com/careers,custom,,ok@1 [200]
Slash Software,https://slash.software/,https://slash.software/hiring,custom,,ok@1 [200]
Smart Cherry AI,https://smartcherryai.com,https://smartcherryai.com/careers,custom,,ok@1 [200]
SmartX Technologies,https://smartxtech.co/,https://smartxtech.co/careers,custom,,ok@1 [200]
Sociodigit,https://www.sociodigit.in/,https://www.sociodigit.in/careers,custom,,ok@1 [200]
Softkingo,https://www.softkingo.com/,https://www.softkingo.com/careers,custom,,ok@1 [200]
Softlabs Group,https://www.softlabsgroup.com/,https://www.softlabsgroup.com/careers,custom,,ok@1 [200]
Softqube Technologies Pvt. Ltd.,https://www.softqubes.com/,https://www.softqubes.com/career,custom,,ok@1 [200]
Softsource Technolabs,https://softsourcetech.com/,https://softsourcetech.com/career,custom,,ok@1 [200]
Softura,https://www.softura.com/,https://www.softura.com/careers,custom,,ok@1 [200]
Softwera Innovation,https://softwerainnovation.com/,https://softwerainnovation.com/careers,custom,,ok@1 [200]
Solufy Pvt. Ltd,https://www.solufyerp.com/,https://www.solufyerp.com/careers,custom,,ok@1 [200]
Space-O Technologies,https://www.spaceotechnologies.com/,https://www.spaceotechnologies.com/careers,custom,,ok@1 [200]
SPEC INDIA,https://www.spec-india.com/?utm_source=Business%20Directory&utm_medium=Referral&utm_campaign=Goodfirms,https://www.spec-india.com/careers,custom,,ok@1 [200]
Spericorn Technology,https://www.spericorn.com/,https://www.spericorn.com/careers,custom,,ok@1 [200]
Sphinx Solutions,https://www.sphinx-solution.com/,https://www.sphinx-solution.com/career,custom,,ok@1 [200]
Spiral Mantra Private Limited,https://spiralmantra.com/,https://spiralmantra.com/jobs,custom,,ok@1 [200]
Spiral Technolabs Pvt Ltd,https://www.spiraltechnolabs.com/,https://www.spiraltechnolabs.com/career,custom,,ok@1 [200]
SpireHub Softwares Pvt Ltd.,https://spirehubs.com,https://spirehubs.com/careers,custom,,ok@1 [200]
Sprinklr,https://www.sprinklr.com,https://www.sprinklr.com/careers,custom,,ok@1 [200]
Sss Syber Tech Private Limited,https://www.ssssybertech.com/,https://www.ssssybertech.com/jobs,custom,,ok@1 [200]
Star Knowledge,https://www.star-knowledge.com,https://www.star-knowledge.com/careers,custom,,ok@1 [200]
startelelogic,http://www.startelelogic.com/,http://www.startelelogic.com/careers,custom,,ok@1 [200]
StartxLabs Technologies Private Limited,https://startxlabs.com/,https://startxlabs.com/careers,custom,,ok@1 [200]
Steady Rabbit Technology Pvt Ltd,https://steadyrabbit.in/android-custom-application-development/,https://steadyrabbit.in/careers,custom,,ok@1 [200]
STERP Software Pvt. Ltd,https://www.shantitechnology.com/,https://www.shantitechnology.com/careers,custom,,ok@1 [200]
STW Services LLP,https://www.stw-services.com/,https://www.stw-services.com/career,custom,,ok@1 [200]
SUPER WEB DEVELOPMENT LLP,https://superwebdevelopment.com,https://superwebdevelopment.com/career,custom,,ok@1 [200]
Swiggy,https://www.swiggy.com,https://www.swiggy.com/careers,custom,,ok@1 [200]
SynergyWorks Solutions LLP,https://www.thesynergyworks.com/,https://www.thesynergyworks.com/hiring,custom,,ok@1 [200]
Synoris,https://synoris.co,https://synoris.co/careers,custom,,ok@1 [200]
SynthWeb,https://synthweb.in/,https://synthweb.in/careers,custom,,ok@1 [200]
Taazaa Inc,https://taazaa.com/,https://taazaa.com/careers,custom,,ok@1 [200]
Talentelgia Technologies Private Limited,https://www.talentelgia.com/,https://www.talentelgia.com/career,custom,,ok@1 [200]
Talentica Software,https://www.talentica.com/?utm_source=Goodfirms&utm_medium=listing&utm_campaign=Goodfirms&utm_term=profile,https://www.talentica.com/careers,custom,,ok@1 [200]
Tatvamasi Labs,https://tatvamasilabs.com/,https://tatvamasilabs.com/careers,custom,,ok@1 [200]
TCM STUNNER IT CONSULTANTS LLP,https://tcmstunner.com,https://tcmstunner.com/careers,custom,,ok@1 [200]
Team Unibrains,https://teamunibrains.com/,https://teamunibrains.com/careers,custom,,ok@1 [200]
Tech Mahindra,https://www.techmahindra.com,https://www.techmahindra.com/careers,custom,,ok@1 [200]
Tech2Globe Web Solutions LLP,https://www.tech2globe.com/,https://www.tech2globe.com/career,custom,,ok@1 [200]
Tech4biz Solutions Private Limited,http://tech4bizsolutions.com/,http://tech4bizsolutions.com/careers,custom,,ok@1 [200]
TechAhead,http://www.techaheadcorp.com/,http://www.techaheadcorp.com/careers,custom,,ok@1 [200]
Techcronus Business Solutions,https://www.techcronus.com/,https://www.techcronus.com/careers,custom,,ok@1 [200]
Techlusion,https://techlusion.io/,https://techlusion.io/careers,custom,,ok@1 [200]
Technanosoft Technologies,https://technanosoft.com,https://technanosoft.com/careers,custom,,ok@1 [200]
Technaureus Info Solutions Pvt. Ltd.,http://www.technaureus.com/,http://www.technaureus.com/careers,custom,,ok@1 [200]
Technogiq IT Solutions Private Limited,http://www.technogiq.com/,http://www.technogiq.com/careers,custom,,ok@1 [200]
Technostacks,https://technostacks.com/,https://technostacks.com/careers,custom,,ok@1 [200]
Technource,https://www.technource.com/,https://www.technource.com/jobs,custom,,ok@1 [200]
TechQware Technologies,https://www.techqware.com/,https://www.techqware.com/careers,custom,,ok@1 [200]
Techversantinfotech,https://www.techversantinfotech.com/about/#aboutTestSec,https://www.techversantinfotech.com/jobs,custom,,ok@1 [200]
Techwink Services,https://techwink.net/,https://techwink.net/careers,custom,,ok@1 [200]
TechWize,https://techwize.com/?utm_source=goodfirms&utm_medium=review_site&utm_campaign=software_services&utm_content=website&utm_term=web_app_software_development,https://techwize.com/careers,custom,,ok@1 [200]
Tecocraft PVT. LTD,https://www.tecocraft.co.uk,https://www.tecocraft.co.uk/careers,custom,,ok@1 [200]
Tekniko Global,https://www.teknikoglobal.com,https://www.teknikoglobal.com/career,custom,,ok@1 [200]
TensorSoft Ai,http://tensorsoft.ai/,http://tensorsoft.ai/careers,custom,,ok@1 [200]
Teqlawn,https://teqlawn.com/,https://teqlawn.com/career,custom,,ok@1 [200]
The Intellify,http://theintellify.com/,http://theintellify.com/careers/,custom,,ok@1 [200]
The Tech Clouds,https://thetechclouds.com/,https://thetechclouds.com/jobs,custom,,ok@1 [200]
ThinkPalm Technologies,http://thinkpalm.com/,http://thinkpalm.com/careers,custom,,ok@1 [200]
Thoughtwin IT Solution,https://www.thoughtwin.com/,https://www.thoughtwin.com/career,custom,,ok@1 [200]
Trakshym,https://trakshym.com,https://trakshym.com/careers,custom,,ok@1 [200]
Trident Analytical Solutions,https://tas.co.in/,https://tas.co.in/career,custom,,ok@1 [200]
Trigvent Solutions,https://www.trigvent.com/,https://www.trigvent.com/careers,custom,,ok@1 [200]
Turain Software Pvt. Ltd.,https://www.turaingrp.com/,https://www.turaingrp.com/careers,custom,,ok@1 [200]
Turf Dev Private Limited,https://www.turfdev.in,https://www.turfdev.in/careers,custom,,ok@1 [200]
UcodeSoft Solutions Pvt Ltd,https://ucodesoft.com,https://ucodesoft.com/career,custom,,ok@1 [200]
Ultrashield Technology (AI Development),https://www.ultrashieldtechnology.com,https://www.ultrashieldtechnology.com/careers,custom,,ok@1 [200]
Unacademy,https://unacademy.com,https://unacademy.com/careers,custom,,ok@1 [200]
Unico Connect,https://unicoconnect.com/?utm_source=goodfirms&utm_medium=website&utm_campaign=unico_goodfirms_marketplace&utm_id=6,https://unicoconnect.com/careers,custom,,ok@1 [200]
Unified Infotech,https://www.unifiedinfotech.net/?utm_source=referral&utm_medium=Goodfirms&utm_id=Goodfirms,https://www.unifiedinfotech.net/careers,custom,,ok@1 [200]
Unthinkable Pvt. Ltd.,https://www.unthinkable.co/,https://www.unthinkable.co/career,custom,,ok@1 [200]
UpCodo Digital,https://upcodo.com/?utm_source=Goodfirms&utm_medium=referral,https://upcodo.com/jobs,custom,,ok@1 [200]
UpforceTech,https://upforcetech.com,https://upforcetech.com/career,custom,,ok@1 [200]
upGrad,https://www.upgrad.com,https://www.upgrad.com/careers,custom,,ok@1 [200]
V2Soft Pvt Ltd,https://www.v2soft.com/,https://www.v2soft.com/careers,custom,,ok@1 [200]
V2STech Solutions Private Limited,https://v2stech.com,https://v2stech.com/careers,custom,,ok@1 [200]
ValueCoders,https://www.valuecoders.com/,https://www.valuecoders.com/careers,custom,,ok@1 [200]
Vegavid Technology,https://vegavid.com/,https://vegavid.com/career,custom,,ok@1 [200]
VIBIDSOFT,http://www.vibidsoft.com,http://www.vibidsoft.com/career,custom,,ok@1 [200]
Vinfotech,http://www.vinfotech.com,http://www.vinfotech.com/careers,custom,,ok@1 [200]
Vipra Business,http://www.viprabusiness.com/,http://www.viprabusiness.com/careers,custom,,ok@1 [200]
Vnnovate Solutions Pvt Ltd,http://vnnovate.com/,http://vnnovate.com/careers,custom,,ok@1 [200]
Votiko Solutions,https://votiko.com/,https://votiko.com/careers,custom,,ok@1 [200]
Wappnet Systems,https://wappnet.com/,https://wappnet.com/career,custom,,ok@1 [200]
Warlock Technologies Pvt Ltd,https://www.warlocktechnologies.com,https://www.warlocktechnologies.com/jobs,custom,,ok@1 [200]
Web Key Digital,http://www.webkeydigital.com,http://www.webkeydigital.com/careers,custom,,ok@1 [200]
WebGuruz Technologies Pvt Ltd,https://www.webguruz.in/,https://www.webguruz.in/careers,custom,,ok@1 [200]
WeblineIndia,https://www.weblineindia.com/,https://www.weblineindia.com/careers.html,custom,,ok@1 [200]
Webo App Discovery Limited,https://weboappdiscovery.com,https://weboappdiscovery.com/careers,custom,,ok@1 [200]
Weboconnect,https://weboconnect.com/,https://weboconnect.com/careers,custom,,ok@1 [200]
WebservX,https://www.webservx.com/,https://www.webservx.com/career,custom,,ok@1 [200]
Webtrack Technologies,http://www.webtracktechnologies.com/,http://www.webtracktechnologies.com/hiring,custom,,ok@1 [200]
Whatfix,https://whatfix.com,https://whatfix.com/careers,custom,,ok@1 [200]
Wipro,https://www.wipro.com,https://www.wipro.com/careers,custom,,ok@1 [200]
WireFuture,https://wirefuture.com/,https://wirefuture.com/careers,custom,,ok@1 [200]
Wrexim Infotech,http://wreximinfotech.com/,http://wreximinfotech.com/careers,custom,,ok@1 [200]
Xenovex Technologies Pvt Ltd,http://www.xenovex.com,http://www.xenovex.com/careers,custom,,ok@1 [200]
Xicom,http://www.xicom.biz/,http://www.xicom.biz/careers,custom,,ok@1 [200]
YellowFish Digital Innovations,https://yellowfish.in/,https://yellowfish.in/careers,custom,,ok@1 [200]
YES IT Labs LLC,http://yesitlabs.com/,http://yesitlabs.com/careers,custom,,ok@1 [200]
Youthtech Solutions LLP,https://www.youthtechsolutions.com/,https://www.youthtechsolutions.com/career,custom,,ok@1 [200]
Zaigo Infotech Software Solutions,https://www.zaigoinfotech.com/,https://www.zaigoinfotech.com/careers,custom,,ok@1 [200]
zalgo Infotech PVT. LTD.,https://zalgoinfotech.com,https://zalgoinfotech.com/career,custom,,ok@1 [200]
Zazz,https://www.zazz.io/?utm_campaign=Goodfirms&utm_source=Goodfirms%20-%20Visit%20Website&utm_medium=referral&utm_term=Visit%20Website&utm_content=Visit%20Website,https://www.zazz.io/careers,custom,,ok@1 [200]
Zerodha,https://zerodha.com,https://zerodha.com/careers,custom,,ok@1 [200]
Zerone Consulting,http://www.zerone-consulting.com?utm_source=Goodfirms&utm_medium=referral,http://www.zerone-consulting.com/career,custom,,ok@1 [200]
Zerozilla,http://www.zerozilla.com,http://www.zerozilla.com/careers,custom,,ok@1 [200]
Zeta,https://www.zeta.tech,https://www.zeta.tech/careers,custom,,ok@1 [200]
Zignuts Technolab Pvt. Ltd.,https://www.zignuts.com/?utm_source=Goodfirms&utm_medium=referral&utm_campaign=Zignuts-Technolab-Profile-Listing,https://www.zignuts.com/careers,custom,,ok@1 [200]
ZipNom Technologies Private Limited,https://zipnom.com,https://zipnom.com/about/careers,custom,,ok@1 [200]
Zoho,https://www.zoho.com,https://www.zoho.com/careers,custom,,ok@1 [200]
Zomato,https://www.zomato.com,https://www.zomato.com/careers,custom,,ok@1 [200]
