name,homepage,careers_url,reason
10G Spectrum,https://10gspectrum.com,,no careers source discovered
1985,http://1985.co.in/,,no careers source discovered
3sitservices,https://3sitservices.com/,,no careers source discovered
AAHA Solutions,https://aahasolutions.com/,,no careers source discovered
Advik Infotech,https://advikinfotech.com/,,no careers source discovered
Aelius Venture,https://www.aeliusventure.com,,no careers source discovered
AIS Pvt Ltd,https://www.ainfosolutions.com/,,no careers source discovered
Aktwins Software Services,https://aktwins.com,,no careers source discovered
Amazing Workz,https://amazingworkz.com/,,no careers source discovered
Ambi Web Solutions,https://ambiwebsolutions.com/,,no careers source discovered
AnAinfo,https://anainfo.com/,,no careers source discovered
ANSI Technologies,https://ansiconsult.com,,no careers source discovered
Apps-on Technologies,https://www.appsontechnologies.in,,no careers source discovered
Appther Technologies,https://www.appther.com/,,no careers source discovered
Aroha Edge,https://arohaedge.co,,no careers source discovered
ascent,https://ascentfuturetech.com/,,no careers source discovered
ASCENT SmartWaves Pvt. Ltd.,https://ascentsmartwaves.com/,,no careers source discovered
ASTRELUX IT PRIVATE LIMITED,https://www.astrelux.in,,no careers source discovered
Athos technologies,https://athostechnologies.in/,,no careers source discovered
BatsHub,https://www.batshub.com,,no careers source discovered
BeyondScale Technologies Private Limited,https://beyondscale.tech,,no careers source discovered
Blocvibe Technologies,https://blocvibe.com/,,no careers source discovered
Boffo websol,https://www.boffowebsol.com/,,no careers source discovered
Botgo Technologies Pvt. Ltd.,https://botgo.io/,,no careers source discovered
BRAHMA TECHNOLAB,https://www.brahmatechnolab.com,,no careers source discovered
Brainsmiths Labs,https://www.brainsmiths.com,,no careers source discovered
Brand Namaste,https://brandnamaste.com/,,no careers source discovered
Capital Numbers,https://www.capitalnumbers.com/,,no careers source discovered
Chawtech Solutions Pvt. Ltd.,https://www.chawtechsolutions.com/,,no careers source discovered
Click Labs,http://click-labs.com/,,no careers source discovered
CodesClue Technologies,https://codesclue.com/,,no careers source discovered
Concept Infoway,https://www.conceptinfoway.net/,,no careers source discovered
Coruscate Solutions Pvt Ltd,https://www.coruscatesolution.com/,,no careers source discovered
CosvexLabs,https://cosvexlabs.com/,,no careers source discovered
Creatoweb,http://www.creatoweb.com/,,no careers source discovered
CRED,https://cred.club,,no careers source discovered
CybraneX,https://www.cybranex.com/,,no careers source discovered
DataSlexIndia,https://www.dataslexindia.com,,no careers source discovered
Decabits,https://decabits.com/,,no careers source discovered
Designing Bulls,https://www.designingbulls.com,,no careers source discovered
Devolyt,https://www.devolyt.com,,no careers source discovered
Digital Ballia,http://www.digitalballia.com,,no careers source discovered
Duple IT Solutions Pvt. Ltd.,https://www.dupleit.com,,no careers source discovered
Easy Tech Solution,https://easytechsolution.in/,,no careers source discovered
EDIIIE,https://www.ediiie.com/,,no careers source discovered
"EitBiz - Software, Mobile & Web Development Company",https://www.eitbiz.com/,,no careers source discovered
ELGOSS PRIVATE LIMITED,https://elgoss.com/,,no careers source discovered
Elysian Intelligence Business Solutions,https://eibsglobal.com/,,no careers source discovered
eSparkBiz Technologies Pvt. Ltd,https://www.esparkinfo.com,,no careers source discovered
Evalogical,https://www.evalogical.com,,no careers source discovered
Five Exceptions Software Solutions Pvt Ltd,https://www.5exceptions.com/,,no careers source discovered
Flipkart,https://www.flipkart.com,,no careers source discovered
Futurism Technologies,https://www.futurismtechnologies.com/,,no careers source discovered
GHOSTING WEBTECH PVT LTD,https://ghosting.in/,,no careers source discovered
GigLabz Private Limited,http://www.giglabz.com/,,no careers source discovered
GKN Collective,https://gkncollective.com,,no careers source discovered
GoodWorkLabs,http://www.goodworklabs.com/,,no careers source discovered
Grapes Innovative Solutions,https://www.grapeshms.com/,,no careers source discovered
Growth Loops Technology Pvt Ltd,https://growth-loop.io/?utm_source=Goodfirms&utm_medium=referral,,no careers source discovered
Gstar Info E-solutions Pvt. Ltd.,http://www.gstarinfotech.com,,no careers source discovered
Hale Healthcare IT Labs,https://halehitlabs.com/,,no careers source discovered
Harvee Technologies,https://www.harvee.tech/,,no careers source discovered
HEXR FACTORY IMMERSIVE TECH PVT LTD,https://www.hexrfactory.com,,no careers source discovered
Hiredeveloper.dev,https://hiredeveloper.dev,,no careers source discovered
iCodeBees Private Limited,https://www.icodebees.com/,,no careers source discovered
iCoreThink Technologies,https://www.icorethink.com,,no careers source discovered
In22 Labs,https://in22labs.com/,,no careers source discovered
Incoders,http://incoders.com/,,no careers source discovered
Indent Technologies,https://www.indenttechnologies.com/,,no careers source discovered
India Briefs Private Limited,https://www.india-briefs.com/,,no careers source discovered
Infosys,https://www.infosys.com,,no careers source discovered
Innoscales Technologies PVT LTD,https://innoscales.com/,,no careers source discovered
Intellekt AI LLP,https://www.intellektai.com,,no careers source discovered
IOGOOS Solution Pvt Ltd,http://www.iogoos.com,,no careers source discovered
IT Company India,https://www.itcompanyindia.in,,no careers source discovered
JAK Software Pvt. Ltd.,https://www.jaksoftware.co.in/,,no careers source discovered
Jcentrix,https://jcentrix.tech/,,no careers source discovered
Kanhasoft,https://www.kanhasoft.com/,,no careers source discovered
Keen Solution,http://www.keensolution.in,,no careers source discovered
Keshav Technosys,https://keshavtechnosys.com/,,no careers source discovered
Kintu Designs Pvt. Ltd.,http://kintudesigns.com/,,no careers source discovered
Kipragno Technologies,https://kipragno.com/,,no careers source discovered
KSBM INFOTECH,http://www.ksbminfotech.com,,no careers source discovered
Landmark IT Solutions,http://www.landmarkit.in/,,no careers source discovered
Lebaka Technologies,https://lebakatech.com,,no careers source discovered
Lobotus Technology Pvt Ltd,http://www.lobotus.com/,,no careers source discovered
Mactosys,https://mactosys.com/,,no careers source discovered
MakeMyTrip,https://www.makemytrip.com,,no careers source discovered
McBird Technologies Pvt Ltd,https://mcbirdtechnologies.com/,,no careers source discovered
mDrift Technologies,http://mdrift.com/,,no careers source discovered
Meesho,https://www.meesho.com,,no careers source discovered
Meghware Solutions LLP,https://www.meghware.com,,no careers source discovered
MetaBlock Technologies,https://metablocktechnologies.in/,,no careers source discovered
Metwaves Technologies,https://www.metwaves.com/,,no careers source discovered
MindCrew Technologies,http://mindcrewtech.com/,,no careers source discovered
Mphasis,https://www.mphasis.com,,no careers source discovered
Mrmmbs Vision,https://www.mrmmbsvision.com,,no careers source discovered
MunchTechnoZ,https://munchtechnoz.com/,,no careers source discovered
NCSofttech,http://www.ncsofttech.com/,,no careers source discovered
NeoITO,https://www.neoito.com,,no careers source discovered
Netclubbed,https://netclubbed.com/,,no careers source discovered
Netsqure Technologies Pvt Ltd,https://netsqure.com/,,no careers source discovered
NOI Technologies,https://www.noitechnologies.com/,,no careers source discovered
Nykaa,https://www.nykaa.com,,no careers source discovered
Octal IT Solution,http://www.octalsoftware.com/?utm_source=Goodfirms&utm_medium=PaidLinks&utm_campaign=GoodfirmsPro,,no careers source discovered
Ombrulla,https://www.ombrulla.com/ai-visual-inspection,,no careers source discovered
OpenUI,https://openui.in/,,no careers source discovered
OpenXcell,https://www.openxcell.com/custom-software-development-company/?utm_source=Goodfirms&utm_medium=Referral&utm_campaign=goodfirms-software-development-companies,,no careers source discovered
Opris Exchange,https://www.opris.exchange/,,no careers source discovered
Ouriken,https://www.ouriken.com,,no careers source discovered
Peytonsoft Technology Pvt Ltd,http://peytonsoft.com,,no careers source discovered
Phelix Info Solution,http://www.phelixinfosolutions.com,,no careers source discovered
Physics Wallah,https://www.pw.live,,no careers source discovered
PinnacleWorks Infotech Pvt Ltd,https://pinnacle.works/,,no careers source discovered
Plain & Pixel,https://plainnpixel.tech/,,no careers source discovered
Prilient Technology,https://prilient.com/,,no careers source discovered
Promatics Technologies,https://www.promaticsindia.com/?utm_source=Goodfirms&utm_medium=referral,,no careers source discovered
PSQuickIT,http://www.psquickit.com/,,no careers source discovered
Pulsehyip,https://www.pulsehyip.com/,,no careers source discovered
QuadLogix Technologies Pvt. Ltd.,https://www.quadlogix.com/,,no careers source discovered
Qubit Softwares,https://www.qubitsoftwares.com,,no careers source discovered
Qwickbit Technologies,https://qwickbit.com,,no careers source discovered
Regal Streaming Solution,https://regalstreamingsolutions.com/,,no careers source discovered
RIT Solution,https://www.ritsolution.in,,no careers source discovered
Rococo Consultant Pvt. Ltd,http://www.rococoindia.com,,no careers source discovered
Rokad,https://rokad.co,,no careers source discovered
RootQuotient,https://www.rootquotient.com/,,no careers source discovered
Rushkar,https://rushkar.com/,,no careers source discovered
Sabertooth Technologies,https://www.sabertoothtech.in/,,no careers source discovered
SDLC Corp,https://sdlccorp.com/?utm_source=good-firms&utm_medium=listing&utm_campaign=software-development,,no careers source discovered
Shataki,https://shataki.com/,,no careers source discovered
SISGAIN,https://sisgain.com/,,no careers source discovered
Siyana Info Solutions,https://siyanainfo.com,,no careers source discovered
SKYINFITECH SOLUTION PVT LTD,https://www.skyinfitech.com/,,no careers source discovered
Smarter.Codes,https://smarter.codes,,no careers source discovered
Snaps Technology,http://snapstech.com/,,no careers source discovered
Sodio Technologies Pvt Ltd,https://sodio.tech,,no careers source discovered
Softagone Technologies LLP,https://softagone.com,,no careers source discovered
Softclain Technologies Private Limited,https://www.softclain.com,,no careers source discovered
Solace Infotech Pvt. Ltd.,https://solaceinfotech.com/,,no careers source discovered
SoluteLabs,https://www.solutelabs.com,,no careers source discovered
Sparx IT Solutions Pvt Ltd,https://www.sparxitsolutions.com/web-and-app-development-company.shtml,,no careers source discovered
Stealth Technocrats,http://stealthtechnocrats.com,,no careers source discovered
Sterison Technology Private Limited,https://www.sterison.com/,,no careers source discovered
Sulonya Technologies Private Limited,https://www.sulonya.com,,no careers source discovered
Summerhill Technologies Pvt. Ltd.,https://www.summerhilltechnologies.com/,,no careers source discovered
Suntist Labs,https://suntist.com/,,no careers source discovered
Swift ProSys Pvt Ltd,https://www.swiftprosys.com/,,no careers source discovered
Symphony Solution,https://www.symphony-solution.com/,,no careers source discovered
SYNARION IT SOLUTIONS,https://www.synarionit.com/,,no careers source discovered
Sysway Technologies,http://sysway.co.in/,,no careers source discovered
Tata Consultancy Services,https://www.tcs.com,,no careers source discovered
TechEniac - Top Web App Development Company USA,https://techeniac.com/,,no careers source discovered
Techlapse Private Limited,https://techlapse.co.in/,,no careers source discovered
TechTose Software Solutions Pvt Ltd,https://techtose.com,,no careers source discovered
Teclogiq,http://www.teclogiq.com,,no careers source discovered
Terasol Technologies,https://www.terasoltechnologies.com/,,no careers source discovered
Think To Share,http://thinktoshare.com/,,no careers source discovered
Thinkitive Technologies Pvt. Ltd.,https://thinkitive.com/,,no careers source discovered
ThinkStart Private Limited,http://www.thinkstart.in,,no careers source discovered
Togglebytes Technologies,https://togglebytes.com,,no careers source discovered
TrendyPuff,https://www.trendypuff.com/,,no careers source discovered
Trudosys,https://trudosys.com/,,no careers source discovered
Unisight Technologies,https://unisighttechnologies.com/,,no careers source discovered
Unyscape Infocom,https://www.unyscape.com,,no careers source discovered
Urban Company,https://www.urbancompany.com,,no careers source discovered
VelonixFuture Technologies LLP,https://velonixtechnologies.com/,,no careers source discovered
Vidhema Technologies Pte Ltd,https://www.vidhema.com/,,no careers source discovered
ViitorCloud,https://viitorcloud.com,,no careers source discovered
Volyo Solutions,http://volyo.in/,,no careers source discovered
Voxturr,https://www.voxturrlabs.com/,,no careers source discovered
Vraja Technologies,https://www.vrajatechnologies.com/,,no careers source discovered
Way2Smile Solutions Pvt Ltd,https://www.way2smile.com/,,no careers source discovered
WebInfoMart,http://webinfomart.com,,no careers source discovered
Websigma Private Limited,https://www.websigmaglobal.com,,no careers source discovered
WeDigTech,http://www.wedigtech.com,,no careers source discovered
WHMCS Global Services,https://whmcsglobalservices.com/,,no careers source discovered
Wordsys Information technology,https://wordsystech.com/,,no careers source discovered
X-Netics,https://xnetics.com/,,no careers source discovered
Your Team in India,https://www.yourteaminindia.com/,,no careers source discovered
Zeeweesoft LLP,https://www.zeeweesoft.com/,,no careers source discovered
Zordo Technologies,https://www.zordo.net/,,no careers source discovered
Zyneto,https://zyneto.com/,,no careers source discovered
